hash,ver,vin_sz,vout_sz,size,weight,fee,relayed_by,lock_time,tx_index,double_spend,time,block_index,block_height,inputs,out,rbf
071d672b869dfce934daab3a8a91e8dac2e823b64d4957e38eab1e6d8470e7e3,2,1,2,235,610,153,0.0.0.0,0,8018661269677013,False,1755803228,,,"[{'sequence': 4294967293, 'witness': '02483045022100b98b0b8f923edee584b020ac70593445747f632d0f4772babd2940acde5d905202201c367a8c1c657c134d61ae8df2952a7dc024a01ac1080573b7ce41bad6b315d9012103819ce6a9611bd67ec18af9b227ce6bbe967f138081237dc9ecab45030b470d65', 'script': '', 'index': 0, 'prev_out': {'type': 0, 'spent': True, 'value': 3824, 'spending_outpoints': [{'tx_index': 8018661269677013, 'n': 0}], 'n': 0, 'tx_index': 4023237144092862, 'script': '0014ee8bd0463d9e995e688eeab242e4902d67972456', 'addr': 'bc1qa69aq33an6v4u6ywa2ey9eys94newfzk0hruc9'}}]","[{'type': 0, 'spent': False, 'value': 465, 'spending_outpoints': [], 'n': 0, 'tx_index': 8018661269677013, 'script': '5120f744114cf93384daea8b1cb9607ace82393829d469597ddfb8ae03f7ccae1767', 'addr': 'bc1p7azpzn8exwzd465trjukq7kwsguns2w5d9vhmhac4cpl0n9wzans2adl90'}, {'type': 0, 'spent': False, 'value': 3206, 'spending_outpoints': [], 'n': 1, 'tx_index': 8018661269677013, 'script': '0014ee8bd0463d9e995e688eeab242e4902d67972456', 'addr': 'bc1qa69aq33an6v4u6ywa2ey9eys94newfzk0hruc9'}]",True
0eee983e30c343a41a2aec116bc7cf7eedc1bea0357ad11382dd0db238c80b6e,2,1,18,718,2545,3122,0.0.0.0,911068,3871900251341243,False,1755803228,,,"[{'sequence': 4294967293, 'witness': '0247304402201ee8d0ca4b271b6f6ac8ad490e0e30bec4f93ef7e86f35909ca3a2797c953974022048e59148c3cf49414bcdbf066194a9a97f21287b261262cca793d7c20e9e8a730121026d3094758e67c20343e60d32342ada17ce540b663fe42070e3092eb467ab105f', 'script': '', 'index': 0, 'prev_out': {'type': 0, 'spent': True, 'value': 3871894, 'spending_outpoints': [{'tx_index': 3871900251341243, 'n': 0}], 'n': 13, 'tx_index': 7162330101744473, 'script': '001404a3c94a6f65b58a5d807aa2fa81eb6891c45f35', 'addr': 'bc1qqj3ujjn0vk6c5hvq02304q0tdzgughe44y3sy3'}}]","[{'type': 0, 'spent': False, 'value': 11033, 'spending_outpoints': [], 'n': 0, 'tx_index': 3871900251341243, 'script': '00140a2f9c24199b69ef1ae6f72367b5bc602c4ce4c3', 'addr': 'bc1qpghecfqend577xhx7u3k0dduvqkyeexrga2m6t'}, {'type': 0, 'spent': False, 'value': 11033, 'spending_outpoints': [], 'n': 1, 'tx_index': 3871900251341243, 'script': '0014ff16adf6d548d393755ceab55ed784285058b6c3', 'addr': 'bc1qlut2mak4frfexa2ua264a4uy9pg93dkrszkz4j'}, {'type': 0, 'spent': False, 'value': 11043, 'spending_outpoints': [], 'n': 2, 'tx_index': 3871900251341243, 'script': '001446b83b27cbd09d8f02d7c0cd496190efcdb7b718', 'addr': 'bc1qg6urkf7t6zwc7qkhcrx5jcvsalxm0dcc6yeklr'}, {'type': 0, 'spent': False, 'value': 14346, 'spending_outpoints': [], 'n': 3, 'tx_index': 3871900251341243, 'script': '00149a7c2a8f3b26a31ed5edb2c01031d0a1f6e4245b', 'addr': 'bc1qnf7z4remy633a40dktqpqvws58mwgfzmhw8ths'}, {'type': 0, 'spent': False, 'value': 14362, 'spending_outpoints': [], 'n': 4, 'tx_index': 3871900251341243, 'script': '00146eeaf06b6d8ed9143c18c92241140b32982121ad', 'addr': 'bc1qdm40q6md3mv3g0qcey3yz9qtx2vzzgdd6ptgsx'}, {'type': 0, 'spent': False, 'value': 17672, 'spending_outpoints': [], 'n': 5, 'tx_index': 3871900251341243, 'script': '0014ecd8a518bfab4d0805d54330cd78f6081429d06e', 'addr': 'bc1qanv22x9l4dxsspw4gvcv678kpq2zn5rwn382vv'}, {'type': 0, 'spent': False, 'value': 20991, 'spending_outpoints': [], 'n': 6, 'tx_index': 3871900251341243, 'script': '0014ec3b5905f541381245456e2f920deffe07440e2d', 'addr': 'bc1qasa4jp04gyupy329dcheyr00lcr5gr3d5l963y'}, {'type': 0, 'spent': False, 'value': 25800, 'spending_outpoints': [], 'n': 7, 'tx_index': 3871900251341243, 'script': '0014268db97d25aa4479e84b6c8ee6ac7cd7e337524d', 'addr': 'bc1qy6xmjlf94fz8n6ztdj8wdtru6l3nw5jd084hhp'}, {'type': 0, 'spent': False, 'value': 32009, 'spending_outpoints': [], 'n': 8, 'tx_index': 3871900251341243, 'script': '001440701eeb80c9bd8ff6018b25acad4e10c7a95aac', 'addr': 'bc1qgpcpa6uqex7clasp3vj6et2wzrr6jk4v333gka'}, {'type': 0, 'spent': False, 'value': 33010, 'spending_outpoints': [], 'n': 9, 'tx_index': 3871900251341243, 'script': '00145b1bbe93635a1b9bae04d55fe3e18ea4b719ee58', 'addr': 'bc1qtvdmaymrtgdehtsy64078cvw5jm3nmjcq5lhyk'}, {'type': 0, 'spent': False, 'value': 33884, 'spending_outpoints': [], 'n': 10, 'tx_index': 3871900251341243, 'script': '001485872cb735cba51d833f378072f5301addf46b17', 'addr': 'bc1qskrjede4ewj3mqelx7q89afsrtwlg6ch20ws62'}, {'type': 0, 'spent': False, 'value': 34218, 'spending_outpoints': [], 'n': 11, 'tx_index': 3871900251341243, 'script': '00140d8719c435d7f40bfc3d726aec4104d938de1cae', 'addr': 'bc1qpkr3n3p46l6qhlpawf4wcsgymyudu89w0rshw9'}, {'type': 0, 'spent': False, 'value': 34234, 'spending_outpoints': [], 'n': 12, 'tx_index': 3871900251341243, 'script': '0014c31e425f99f9ac80fe9649f161c330b873be9efb', 'addr': 'bc1qcv0yyhuelxkgpl5kf8ckrseshpema8hmdl5cet'}, {'type': 0, 'spent': False, 'value': 38615, 'spending_outpoints': [], 'n': 13, 'tx_index': 3871900251341243, 'script': '0014ddb5bdc72e67b968ac41b8a864507a02604157ca', 'addr': 'bc1qmk6mm3ewv7uk3tzphz5xg5r6qfsyz472k8hgwh'}, {'type': 0, 'spent': False, 'value': 53549, 'spending_outpoints': [], 'n': 14, 'tx_index': 3871900251341243, 'script': '00140deb88e2bd94a3d899b16770087bf7f5101b12d7', 'addr': 'bc1qph4c3c4ajj3a3xd3vacqs7lh75gpkykhlta40l'}, {'type': 0, 'spent': False, 'value': 77266, 'spending_outpoints': [], 'n': 15, 'tx_index': 3871900251341243, 'script': '001419f33c54150a7c61088679cc4689c2a1290de7aa', 'addr': 'bc1qr8enc4q4pf7xzzyx08xydzwz5y5smea2c6pa5w'}, {'type': 0, 'spent': False, 'value': 110402, 'spending_outpoints': [], 'n': 16, 'tx_index': 3871900251341243, 'script': '001454f08444e8bb37890d5e68f2fc7983aa40b07daf', 'addr': 'bc1q2ncgg38ghvmcjr27dre0c7vr4fqtqld0chn4kx'}, {'type': 0, 'spent': False, 'value': 3295305, 'spending_outpoints': [], 'n': 17, 'tx_index': 3871900251341243, 'script': '0014c6ed10df3a3d128449e466aff703726b17170a64', 'addr': 'bc1qcmk3phe685fggj0yv6hlwqmjdvt3wznyn8qq94'}]",True
87a8cc955d7d2b42dfc580873f8e1b05274ce3931491c9688acdce549823fef1,2,1,1,162,444,188,0.0.0.0,0,8514362277534169,False,1755803227,,,"[{'sequence': 0, 'witness': '01403f781680328e436d7b858ea9887cff28df793b25ac740648d536b0f67e7b60e3ea3a3685abaaec45dd7f951b9dd91042ba42f9cc043893c1c21ae8ca7192e555', 'script': '', 'index': 0, 'prev_out': {'type': 0, 'spent': True, 'value': 1946, 'spending_outpoints': [{'tx_index': 8514362277534169, 'n': 0}], 'n': 1, 'tx_index': 1394266762466919, 'script': '5120e1078d3792a45d5301fd877235e703198a9dc5ed3e5528b8c45d80d76f469842', 'addr': 'bc1puyrc6duj53w4xq0asaertecrrx9fm30d8e2j3wxytkqdwm6xnppq5agyxj'}}]","[{'type': 0, 'spent': False, 'value': 1758, 'spending_outpoints': [], 'n': 0, 'tx_index': 8514362277534169, 'script': '512073320a47c6762b8e6720a9b79e8ee312fa3f50f2878e8fc7c77afe210c4c4d10', 'addr': 'bc1pwveq537xwc4cueeq4xmearhrztar758js78gl3780tlzzrzvf5gqduqvg4'}]",True
b4f57e0cb42f31110b55e957960466a10a3bce18c5720c6e1b935a3459bc6ce7,2,1,1,162,444,188,0.0.0.0,0,8142534478302034,False,1755803227,,,"[{'sequence': 0, 'witness': '014095c55e61970f06286efa1edef6730e29c0fd3ed6047bb766f7316b99afe3c4153384a528b54e1bf82b534ea8b75f328879173943f3ff56afae87c562a3329498', 'script': '', 'index': 0, 'prev_out': {'type': 0, 'spent': True, 'value': 1946, 'spending_outpoints': [{'tx_index': 8142534478302034, 'n': 0}], 'n': 1, 'tx_index': 5798860836825634, 'script': '51208ec3fdf7aceb34a6bba94777f7d8e259b7e2412aef80fca8c4a05d57eee82fd1', 'addr': 'bc1p3mplmaavav62dwafgaml0k8ztxm7ysf2a7q0e2xy5pw40mhg9lgstat0ez'}}]","[{'type': 0, 'spent': False, 'value': 1758, 'spending_outpoints': [], 'n': 0, 'tx_index': 8142534478302034, 'script': '5120ae998254784db8e8da48ca9d41193db42b914269511aaa75d8927301838cc8d7', 'addr': 'bc1p46vcy4rcfkuw3kjge2w5zxfaks4ezsnf2yd25awcjfesrquverts7gnsee'}]",True
292099baf68ac8871323fc65a3bdd27a7fb41eb51cf9b2e7b3a5f00ecb65f6d7,2,1,1,162,444,188,0.0.0.0,0,7598504631459348,False,1755803227,,,"[{'sequence': 0, 'witness': '0140e5e21f843d197a559f2f404ec952572901611f56197d480470090159b95ee99138392c230154eba9d395d390b33c7eb8bdb512d6f2f90dbe8385f9810adc3206', 'script': '', 'index': 0, 'prev_out': {'type': 0, 'spent': True, 'value': 1946, 'spending_outpoints': [{'tx_index': 7598504631459348, 'n': 0}], 'n': 1, 'tx_index': 859326436270051, 'script': '5120e1043c3fd91ff5a6f1e8d0938489cf71bd9b1e3db4ced694b71faaf0575728a2', 'addr': 'bc1puyzrc07erl66du0g6zfcfzw0wx7ek83akn8dd99hr740q46h9z3q0nhec4'}}]","[{'type': 0, 'spent': False, 'value': 1758, 'spending_outpoints': [], 'n': 0, 'tx_index': 7598504631459348, 'script': '512012820f889a6cb30e62765a9cb39167d50f3a9655db69f4bea2dd264ff7d8995c', 'addr': 'bc1pz2pqlzy6djesucnkt2wt8yt8658n49j4md5lf04zm5nyla7cn9wq3yfjxn'}]",True
ba22d8754b0dd2ed3a595c780ce643494675dfd077a747da80aad54584cda7cd,1,1,14,625,2173,1958,0.0.0.0,0,7235858919373493,False,1755803227,,,"[{'sequence': 4294967295, 'witness': '02473044022047719d525c3ef71bd2588ed22c392966dd4a240835a3309829a1154402c13773022077eae2286f1addca3efde475e48c19cd9ee3af40db53f983fad1bbec0de749e9012103a876001a753b82a8bec93c5936e65e0bacacebe5de6ca74adadfced8ebb7ad53', 'script': '', 'index': 0, 'prev_out': {'type': 0, 'spent': True, 'value': 1986469993, 'spending_outpoints': [{'tx_index': 7235858919373493, 'n': 0}], 'n': 12, 'tx_index': 6143977267966538, 'script': '0014eed12e1ba4703f0a6afe1a3dd4a3b1de86803936', 'addr': 'bc1qamgjuxaywqls56h7rg7afga3m6rgqwfkew688k'}}]","[{'type': 0, 'spent': False, 'value': 6051, 'spending_outpoints': [], 'n': 0, 'tx_index': 7235858919373493, 'script': 'a914d2158ca7848e9192d434864f97e10ba01be690ba87', 'addr': '3Lqqe7GUZF3QDTrXsA4M6XDLVXxCWuf7q5'}, {'type': 0, 'spent': False, 'value': 108204, 'spending_outpoints': [], 'n': 1, 'tx_index': 7235858919373493, 'script': '0014a2f1463ba88b62c21d6a24d433774bce29b5d2db', 'addr': 'bc1q5tc5vwag3d3vy8t2yn2rxa6tec5mt5kmafcqkg'}, {'type': 0, 'spent': False, 'value': 96088, 'spending_outpoints': [], 'n': 2, 'tx_index': 7235858919373493, 'script': '001461cbc23258ba8083637d1b7de775dd46abd12a1d', 'addr': 'bc1qv89uyvjch2qgxcmard77wawag64az2satgzucy'}, {'type': 0, 'spent': False, 'value': 74978, 'spending_outpoints': [], 'n': 3, 'tx_index': 7235858919373493, 'script': '00146ef3877f55625817f7bf91ffbb3a04322244746b', 'addr': 'bc1qdmecwl64vfvp0aalj8lmkwsyxg3ygart09m0mw'}, {'type': 0, 'spent': False, 'value': 103205, 'spending_outpoints': [], 'n': 4, 'tx_index': 7235858919373493, 'script': '0014172be44b5ddae25c799e63e0f1b58bad95325905', 'addr': 'bc1qzu47gj6amt39c7v7v0s0rdvt4k2nykg9xrucs7'}, {'type': 0, 'spent': False, 'value': 90769, 'spending_outpoints': [], 'n': 5, 'tx_index': 7235858919373493, 'script': '0014887103d6ca07964e78d6c7245c964af60c6fabdc', 'addr': 'bc1q3pcs84k2q7tyu7xkcuj9e9j27cxxl27um8khpg'}, {'type': 0, 'spent': False, 'value': 300000, 'spending_outpoints': [], 'n': 6, 'tx_index': 7235858919373493, 'script': '0014c511bc739d6d7918f1c5ecde7c44711f3be3101b', 'addr': 'bc1qc5gmcuuad4u33uw9an08c3r3rua7xyqmf3t82h'}, {'type': 0, 'spent': False, 'value': 29045, 'spending_outpoints': [], 'n': 7, 'tx_index': 7235858919373493, 'script': '76a914930fec9373854fd955a5e6a988c7d39155e17f7888ac', 'addr': '1EQbQdM7a5CP3PTTXCXX276r3nKzDvb98F'}, {'type': 0, 'spent': False, 'value': 7214, 'spending_outpoints': [], 'n': 8, 'tx_index': 7235858919373493, 'script': '0020ee2e96af18df06515561d031db723ede68594c15cf3083c657e0135e8fd29d3a', 'addr': 'bc1qachfdtccmur9z4tp6qcaku37me59jnq4eucg83jhuqf4ar7jn5aqmyxqqk'}, {'type': 0, 'spent': False, 'value': 60663, 'spending_outpoints': [], 'n': 9, 'tx_index': 7235858919373493, 'script': '00140a485c0157fb8f2473ae82838331b7e711aa20df', 'addr': 'bc1qpfy9cq2hlw8jguaws2pcxvdhuug65gxl72w82n'}, {'type': 0, 'spent': False, 'value': 45207, 'spending_outpoints': [], 'n': 10, 'tx_index': 7235858919373493, 'script': '76a91471d379b9e4edb67757ac5ce35bcfc36bfba52fdd88ac', 'addr': '1BNrhFbczxJphk1xEMFKBG6mAZmhXVnS9T'}, {'type': 0, 'spent': False, 'value': 34325, 'spending_outpoints': [], 'n': 11, 'tx_index': 7235858919373493, 'script': '0014c90649473eef25020778a756f67c2c5c58600e92', 'addr': 'bc1qeyryj3e7aujsypmc5at0vlpvt3vxqr5jzpe0u6'}, {'type': 0, 'spent': False, 'value': 67050, 'spending_outpoints': [], 'n': 12, 'tx_index': 7235858919373493, 'script': '00201f6f6c7402d687d4409ead4b36195ba6d0e6d07453b199b6e4d18a2f5c23be98', 'addr': 'bc1qrahkcaqz66ragsy7449nvx2m5mgwd5r52wcendhy6x9z7hprh6vqqw4pwt'}, {'type': 0, 'spent': False, 'value': 1985445236, 'spending_outpoints': [], 'n': 13, 'tx_index': 7235858919373493, 'script': '0014eed12e1ba4703f0a6afe1a3dd4a3b1de86803936', 'addr': 'bc1qamgjuxaywqls56h7rg7afga3m6rgqwfkew688k'}]",
b5c47ec1c107dcef983d224cf666062caedd116a8667d7eba1401e310c2991c4,2,1,1,162,444,188,0.0.0.0,0,6916087614940104,False,1755803227,,,"[{'sequence': 0, 'witness': '0140adc6f4bb52082ccff0423f21e5c8ff325f3872a731d3dd20c93117d8b4fc8a53f66d00e7984e0cca57365987afc50163efa8459269a649a4f27e53fab2e884dd', 'script': '', 'index': 0, 'prev_out': {'type': 0, 'spent': True, 'value': 1946, 'spending_outpoints': [{'tx_index': 6916087614940104, 'n': 0}], 'n': 1, 'tx_index': 4281574672847212, 'script': '51206065d69c085fa1a5706daeb217b2ee3a7c63f2d5fd899d30a17dc515a300e07c', 'addr': 'bc1pvpjad8qgt7s62urd46ep0vhw8f7x8uk4lkye6v9p0hz3tgcqup7qf833rw'}}]","[{'type': 0, 'spent': False, 'value': 1758, 'spending_outpoints': [], 'n': 0, 'tx_index': 6916087614940104, 'script': '5120e07ca5363c21763053655e8b4ff9247aa11da548a7fc44e5aff1ce92921bb3bb', 'addr': 'bc1pup722d3uy9mrq5m9t695l7fy02s3mf2g5l7yfed0788f9ysmkwas2k43lx'}]",True
4f72fb4257d38c4419f851209b9975a935b69e188bec84c03dc4bca4437ba7c0,2,1,1,162,444,188,0.0.0.0,0,6778417923266456,False,1755803227,,,"[{'sequence': 0, 'witness': '0140a7823e121c55c39c883e5889aa59997f00f099512f1579a2176d009ee6977b632d7a3c4fac4ffb6f30b0a44d3aed26a724e9f85586199100840418cb13a1cf14', 'script': '', 'index': 0, 'prev_out': {'type': 0, 'spent': True, 'value': 1946, 'spending_outpoints': [{'tx_index': 6778417923266456, 'n': 0}], 'n': 1, 'tx_index': 1255939302770624, 'script': '5120f1823ef5b78e94d4f61a107064a7bf1ad066203ba4827364b18b019f1a3e2d97', 'addr': 'bc1p7xpraadh362dfas6zpcxffalrtgxvgpm5jp8xe933vqe7x379ktslafx9j'}}]","[{'type': 0, 'spent': False, 'value': 1758, 'spending_outpoints': [], 'n': 0, 'tx_index': 6778417923266456, 'script': '5120c60b1ca38b687e057f9cefdc8a58fb3a61545b9cc5ef64215bd07521f438ed7a', 'addr': 'bc1pcc93egutdplq2luualwg5k8m8fs4gkuuchhkgg2m6p6jrapca4aq78w2e6'}]",True
b371c097a983814e59861f45ce72c8e11bac7f1558337239ef993128962b08bf,2,1,1,162,444,188,0.0.0.0,0,6721337980945971,False,1755803227,,,"[{'sequence': 0, 'witness': '014081095a4eeaf215fffbf0802b1f0246cb280a6dec3b8cf1d646894dba9f671d830c3a2aa2e42bef6798418360bec51656622838a249ec3e3fcffbd02f856aa8a8', 'script': '', 'index': 0, 'prev_out': {'type': 0, 'spent': True, 'value': 1946, 'spending_outpoints': [{'tx_index': 6721337980945971, 'n': 0}], 'n': 1, 'tx_index': 5415490838792215, 'script': '5120db01424370bd325c125df2efd30f82d374f7c93bdee3d444e2800bfd9b7dbb23', 'addr': 'bc1pmvq5ysmsh5e9cyja7thaxruz6d600jfmmm3ag38zsq9lmxmahv3seqxuq4'}}]","[{'type': 0, 'spent': False, 'value': 1758, 'spending_outpoints': [], 'n': 0, 'tx_index': 6721337980945971, 'script': '512076be701f8e4042413892d8337b039f9e5be3113dffb7d51e85f2e7f3d16a0046', 'addr': 'bc1pw6l8q8uwgppyzwyjmqehkqulned7xyfal7ma28597tnl85t2qprqhjkvdu'}]",True
f7aee6b8fa86be5c8832f697245f95aa5ca59b9e376d6c8795a9eda3433b32b8,2,1,1,162,444,188,0.0.0.0,0,6480828229254581,False,1755803227,,,"[{'sequence': 0, 'witness': '0140e80cb79fec47eaa1964defc1ddda488d22c3572730c62f7e416d01cf11727df1d17c71db956b02fa6bc5ceea69090679fe8b68dfa0e46bdcb41483c69fd86302', 'script': '', 'index': 0, 'prev_out': {'type': 0, 'spent': True, 'value': 1946, 'spending_outpoints': [{'tx_index': 6480828229254581, 'n': 0}], 'n': 1, 'tx_index': 3517830241008991, 'script': '512069bbe26593e748b20d168ddaf0c9f505e8722bd5c1f4809d6b1622d4bb99852b', 'addr': 'bc1pdxa7yevnuaytyrgk3hd0pj04qh58y274c86gp8ttzc3dfwues54snhtgzu'}}]","[{'type': 0, 'spent': False, 'value': 1758, 'spending_outpoints': [], 'n': 0, 'tx_index': 6480828229254581, 'script': '512055d29f8edeb56b91ad18464ae643da6f815f791589ddb5d6f8bfcde2fddbdbe7', 'addr': 'bc1p2hfflrk7k44ertgcge9wvs76d7q477g438wmt4hchlx79lwmm0nsg8d83m'}]",True
